X,M,M,W,W,W,G,G,G,W,W,X,X,X,X,W,W,W,L,L,L,L,L,X
X,M,M,M,W,W,G#,G,G,W,T,T,T,T,T,T,W,W,L,L,L,L,L,L
M,M#,M,M,W,W>,G,G*,G,<W,T,T,T,T,T,T,W,L,L#,L,L,L,L,L
M,M,M*,M,<W,W,G,G,G,W,T,T,T#,T,T,T,W>,L,L,L*,L,L,L,L
M,M,M,M,W,W,G,G,G,W,T,T,T,T*,T,T,W,L,L,L,L,L,,
M,M,M,M,W,W,G,G,G,W,T,T,T,T,T,T,W,L,L,L,L,L,L,W
M,M,M,W,W,W,W,W^,W,W,T,T,T,T,T,T,W,W,W,W,W,W,W,W
W,M,W,W,W,W,W,W,W,W,W,T,T,T,T,T,W,W,W,W,W,W,W,W
W,W,W,W,W,W,W,W,W,W,W,T,T,T,TF,W,W,W,W,W,F,F,F,W
W,W,W,W,W,W,W,W,W,W,W,W,W^,W,W,W,W,W,W,Wv,F,F,F,F
X,W,W,W,W,W,W,W,W,W,W,W,W,W,W,W,W,W,W,F,F,F,F,F
X,Wv,W,W,W,W,W,W,W,W,W,W,W,W,W,W,W,W,W,F,F,F,F,F
X,H,W,W,W,W,W,W,W,W,W,W,W,W,W,W,W,W,W,F,F,F,F,F
X,H,H,W,W,W,W,W,W,X,X,X,X,X,X,X,W,W,F,F,F,F,F,F
H,H,H,W,W,W,W,W,W,X,X,X,X,X,X,X,W,W,FT,F,F#,F,F,F
H,H,H,W,W,W,W,W,W,X,X,X,X,X,X,X,W,W,F,F,F,F*,F,F
H,H,H,W,W,W,W,W,W,X,X,X,X,X,X,X,W,W>,F,F,F,F,F,F
H#,H,H,<W,W,W,W,W,W,X,X,X,X,X,X,X,W,W,F,F,F,F,F,F
H,H*,H,W,W,W,W,W,W,X,X,X,X,X,X,X,W,W,F,F,F,F,F,F
H,H,H,W,W,W,W,W,W,X,X,X,X,X,X,X,W,W,F,F,F,F,F,F
HD,H,H,W,W,W,W,W,W,W,W,W,W,W,W,W,W,W,W,F,F,F,F,F
H,H,H,W,W,W,W,W,W,W,W,W,W,W,W,W,W,W,W,F,F,F,F,F
H,H,H,W,W,W,W,W,W,W,W,W,W,W,W,W,W,W,W,W,F,F,F,F
H,H,W,W,W,W,W,W,W,W,W,W,W,W,W,W,W,W,W,W,W,X,X,W
H,H,W,W,W,W,W,W,W,W,W,W,W,W,W,W,W,W,W,W,W,W,W,W
H,W,W,W,W,W,W,W,W,W,W,W,W,W,W,W,W,W,W,W,W,W,W,W
W,W,W,W,W,W,W,W,W,W,W,W,W,W,W,W,W,W,W,D,D,D,D,W
W,W,W,W,W,W,W,W,W,W,W,W,W,W,W,W,W,W,D,D,D,D,D,D
W,W,W,W,W,W,W,W,W,W,W,W,W,W,W,W,W,W,D,D,D#,D,D,D
A,A,A,A,A,A,<W,W,W,W>,C,C,C,C,C,W,W,W>,D,D,D,D*,D,D
A,A,A#,A,A,A,A,W,W,W,C,C#,C,C,C,X,W,W,DH,D,D,D,D,D
X,A,A,A*,A,A,A,W,W,C,C,C,C*,C,C,X,W,W,D,D,D,D,D,D
X,A,A,A,A,A,AC,W,W,C,C,C,C,C,C,CA,W,W,W,D,D,D,D,X
